product_id,periodo,pred,pred_tipo
20001,202002.0,1335.7729098529524,modelo
20002,202002.0,1460.0915371219762,modelo
20003,202002.0,839.8829866694073,modelo
20004,202002.0,718.5812026069517,"ponderado_base=0.60, feb=2.5"
20005,202002.0,687.7643252256405,"ponderado_base=0.60, feb=2.5"
20006,202002.0,404.8086980764243,modelo
20007,202002.0,394.46296613410965,"ponderado_base=0.60, feb=2.5"
20008,202002.0,359.6691446673533,modelo
20009,202002.0,571.0881231387255,"ponderado_base=0.60, feb=2.5"
20010,202002.0,485.450168791788,modelo
20011,202002.0,375.9002749107641,modelo
20012,202002.0,268.90464642339083,"ponderado_base=0.60, feb=2.5"
20013,202002.0,373.0584053794917,"ponderado_base=0.60, feb=2.5"
20014,202002.0,376.56718800432304,"ponderado_base=0.60, feb=2.5"
20015,202002.0,346.91145434755015,"ponderado_base=0.60, feb=2.5"
20016,202002.0,285.4532627334684,"ponderado_base=0.60, feb=2.5"
20017,202002.0,234.56963354259992,modelo
20018,202002.0,303.5423138025498,modelo
20019,202002.0,375.30518162801775,modelo
20020,202002.0,278.22059248970663,"ponderado_base=0.60, feb=2.5"
20021,202002.0,341.7293020327568,modelo
20022,202002.0,256.3487387302688,"ponderado_base=0.60, feb=2.5"
20023,202002.0,260.45120886635647,"ponderado_base=0.60, feb=2.5"
20024,202002.0,227.21937098839473,"ponderado_base=0.60, feb=2.5"
20025,202002.0,230.28088655237514,"ponderado_base=0.60, feb=2.5"
20026,202002.0,240.69958041783465,modelo
20027,202002.0,210.01646346444812,"ponderado_base=0.60, feb=2.5"
20028,202002.0,172.46882618309502,modelo
20029,202002.0,158.31841133621816,"ponderado_base=0.60, feb=2.5"
20030,202002.0,106.93002912521636,"ponderado_base=0.60, feb=2.5"
20031,202002.0,192.6409294413339,"ponderado_base=0.60, feb=2.5"
20032,202002.0,672.4904899261481,"ponderado_base=0.60, feb=2.5"
20033,202002.0,161.04063605754476,"ponderado_base=0.60, feb=2.5"
20035,202002.0,144.09579006596886,modelo
20037,202002.0,103.35430880340036,"ponderado_base=0.60, feb=2.5"
20038,202002.0,156.33018486817892,"ponderado_base=0.60, feb=2.5"
20039,202002.0,177.93943447229378,modelo
20041,202002.0,131.30935348720516,"ponderado_base=0.60, feb=2.5"
20042,202002.0,206.22217533536687,modelo
20043,202002.0,126.10929716656052,"ponderado_base=0.60, feb=2.5"
20044,202002.0,248.7443202154877,modelo
20045,202002.0,118.27155062673427,modelo
20046,202002.0,186.57863095509296,modelo
20047,202002.0,140.29040561454124,"ponderado_base=0.60, feb=2.5"
20049,202002.0,190.66085861469588,modelo
20050,202002.0,129.74277108040283,"ponderado_base=0.60, feb=2.5"
20051,202002.0,85.10537641956746,modelo
20052,202002.0,118.83442275552834,modelo
20053,202002.0,167.62023651861227,modelo
20054,202002.0,142.40613056739298,"ponderado_base=0.60, feb=2.5"
20055,202002.0,64.04281733571915,modelo
20056,202002.0,92.9470685560522,"ponderado_base=0.60, feb=2.5"
20057,202002.0,127.99836667220961,"ponderado_base=0.60, feb=2.5"
20058,202002.0,120.40673294620304,"ponderado_base=0.60, feb=2.5"
20059,202002.0,133.58082404763334,"ponderado_base=0.60, feb=2.5"
20061,202002.0,129.3420361877087,"ponderado_base=0.60, feb=2.5"
20062,202002.0,95.56849570389278,"ponderado_base=0.60, feb=2.5"
20063,202002.0,126.55359740747092,"ponderado_base=0.60, feb=2.5"
20065,202002.0,106.67209115906485,"ponderado_base=0.60, feb=2.5"
20066,202002.0,111.63275194527714,"ponderado_base=0.60, feb=2.5"
20067,202002.0,100.1151289321759,"ponderado_base=0.60, feb=2.5"
20068,202002.0,101.70033986122857,"ponderado_base=0.60, feb=2.5"
20069,202002.0,123.26135627317163,"ponderado_base=0.60, feb=2.5"
20070,202002.0,97.48821223916362,"ponderado_base=0.60, feb=2.5"
20071,202002.0,105.34310409517838,"ponderado_base=0.60, feb=2.5"
20072,202002.0,65.91710862332516,"ponderado_base=0.60, feb=2.5"
20073,202002.0,117.23535038742483,"ponderado_base=0.60, feb=2.5"
20074,202002.0,91.42598520059154,"ponderado_base=0.60, feb=2.5"
20075,202002.0,123.58257295475497,"ponderado_base=0.60, feb=2.5"
20076,202002.0,94.31680406242363,"ponderado_base=0.60, feb=2.5"
20077,202002.0,72.0654391838517,"ponderado_base=0.60, feb=2.5"
20079,202002.0,43.78952840421584,"ponderado_base=0.60, feb=2.5"
20080,202002.0,73.8612208026674,"ponderado_base=0.60, feb=2.5"
20081,202002.0,95.54459150330959,"ponderado_base=0.60, feb=2.5"
20082,202002.0,67.14042332765797,"ponderado_base=0.60, feb=2.5"
20084,202002.0,133.92669706371586,"ponderado_base=0.60, feb=2.5"
20085,202002.0,213.99767617893738,"ponderado_base=0.60, feb=2.5"
20086,202002.0,47.8192715066965,modelo
20087,202002.0,81.68224282504566,"ponderado_base=0.60, feb=2.5"
20089,202002.0,184.39432114452316,"ponderado_base=0.60, feb=2.5"
20090,202002.0,48.89831584217199,"ponderado_base=0.60, feb=2.5"
20091,202002.0,95.49670196832793,"ponderado_base=0.60, feb=2.5"
20092,202002.0,59.27449961249957,"ponderado_base=0.60, feb=2.5"
20093,202002.0,85.30912417316607,"ponderado_base=0.60, feb=2.5"
20094,202002.0,89.0158938419306,"ponderado_base=0.60, feb=2.5"
20095,202002.0,76.62379878400314,"ponderado_base=0.60, feb=2.5"
20096,202002.0,60.18220490520307,"ponderado_base=0.60, feb=2.5"
20097,202002.0,57.087809041808065,"ponderado_base=0.60, feb=2.5"
20099,202002.0,62.28927185426985,"ponderado_base=0.60, feb=2.5"
20100,202002.0,52.51844473088445,"ponderado_base=0.60, feb=2.5"
20101,202002.0,81.45651982931408,"ponderado_base=0.60, feb=2.5"
20102,202002.0,34.98597664878373,"ponderado_base=0.60, feb=2.5"
20103,202002.0,71.33983058506956,"ponderado_base=0.60, feb=2.5"
20106,202002.0,72.88633004036767,"ponderado_base=0.60, feb=2.5"
20107,202002.0,86.42803194805045,"ponderado_base=0.60, feb=2.5"
20108,202002.0,71.65414086735481,"ponderado_base=0.60, feb=2.5"
20109,202002.0,53.65690506701222,"ponderado_base=0.60, feb=2.5"
20111,202002.0,81.19573785757969,"ponderado_base=0.60, feb=2.5"
20112,202002.0,95.88187184744305,"ponderado_base=0.60, feb=2.5"
20114,202002.0,58.26649766160393,"ponderado_base=0.60, feb=2.5"
20116,202002.0,130.32463123456733,"ponderado_base=0.60, feb=2.5"
20117,202002.0,45.26004377061882,"ponderado_base=0.60, feb=2.5"
20118,202002.0,64.61053254732758,"ponderado_base=0.60, feb=2.5"
20119,202002.0,76.66088924768167,"ponderado_base=0.60, feb=2.5"
20120,202002.0,73.62060945229794,"ponderado_base=0.60, feb=2.5"
20121,202002.0,99.00675738556195,"ponderado_base=0.60, feb=2.5"
20122,202002.0,71.02661000314068,"ponderado_base=0.60, feb=2.5"
20123,202002.0,63.75303444613145,"ponderado_base=0.60, feb=2.5"
20124,202002.0,50.72413138814115,"ponderado_base=0.60, feb=2.5"
20125,202002.0,65.8979907163138,"ponderado_base=0.60, feb=2.5"
20126,202002.0,101.29434432322948,"ponderado_base=0.60, feb=2.5"
20127,202002.0,238.34014330882354,"ponderado_base=0.60, feb=2.5"
20129,202002.0,59.66630032685085,"ponderado_base=0.60, feb=2.5"
20130,202002.0,106.06859071291707,"ponderado_base=0.60, feb=2.5"
20132,202002.0,60.86464187040996,"ponderado_base=0.60, feb=2.5"
20133,202002.0,55.33409546262972,"ponderado_base=0.60, feb=2.5"
20134,202002.0,64.59283908757828,"ponderado_base=0.60, feb=2.5"
20135,202002.0,111.10869362557257,"ponderado_base=0.60, feb=2.5"
20137,202002.0,48.89166735168572,"ponderado_base=0.60, feb=2.5"
20138,202002.0,36.93015263044763,"ponderado_base=0.60, feb=2.5"
20139,202002.0,61.01350303255254,"ponderado_base=0.60, feb=2.5"
20140,202002.0,64.94251990033771,"ponderado_base=0.60, feb=2.5"
20142,202002.0,44.352463621142974,"ponderado_base=0.60, feb=2.5"
20143,202002.0,86.40822282497014,"ponderado_base=0.60, feb=2.5"
20144,202002.0,49.80814418613345,"ponderado_base=0.60, feb=2.5"
20145,202002.0,70.00622685863962,"ponderado_base=0.60, feb=2.5"
20146,202002.0,47.06513002059957,"ponderado_base=0.60, feb=2.5"
20148,202002.0,64.75096184749943,"ponderado_base=0.60, feb=2.5"
20150,202002.0,101.75956845909009,"ponderado_base=0.60, feb=2.5"
20151,202002.0,45.811454397551266,"ponderado_base=0.60, feb=2.5"
20152,202002.0,31.81260998448723,"ponderado_base=0.60, feb=2.5"
20153,202002.0,64.87917505276256,"ponderado_base=0.60, feb=2.5"
20155,202002.0,61.51454711123254,"ponderado_base=0.60, feb=2.5"
20157,202002.0,66.6596479753071,"ponderado_base=0.60, feb=2.5"
20158,202002.0,67.84388466592159,"ponderado_base=0.60, feb=2.5"
20159,202002.0,76.45840529646841,"ponderado_base=0.60, feb=2.5"
20160,202002.0,46.070140455919926,"ponderado_base=0.60, feb=2.5"
20161,202002.0,52.12303269692037,"ponderado_base=0.60, feb=2.5"
20162,202002.0,54.56961961186579,"ponderado_base=0.60, feb=2.5"
20164,202002.0,66.8840829331941,"ponderado_base=0.60, feb=2.5"
20166,202002.0,39.58364122217585,"ponderado_base=0.60, feb=2.5"
20167,202002.0,48.53383459032765,"ponderado_base=0.60, feb=2.5"
20168,202002.0,22.790389199467025,"ponderado_base=0.60, feb=2.5"
20170,202002.0,80.54106757585873,"ponderado_base=0.60, feb=2.5"
20174,202002.0,101.25752444072796,"ponderado_base=0.60, feb=2.5"
20175,202002.0,31.991591415916208,"ponderado_base=0.60, feb=2.5"
20176,202002.0,34.305463094335806,"ponderado_base=0.60, feb=2.5"
20177,202002.0,35.63801006099098,"ponderado_base=0.60, feb=2.5"
20179,202002.0,35.17679626856977,"ponderado_base=0.60, feb=2.5"
20180,202002.0,30.52970934847391,modelo
20181,202002.0,37.37359127755286,"ponderado_base=0.60, feb=2.5"
20182,202002.0,31.013398698929088,"ponderado_base=0.60, feb=2.5"
20183,202002.0,23.163364186411577,"ponderado_base=0.60, feb=2.5"
20184,202002.0,34.4065542392151,"ponderado_base=0.60, feb=2.5"
20187,202002.0,29.839505758606137,"ponderado_base=0.60, feb=2.5"
20188,202002.0,30.678753893893557,"ponderado_base=0.60, feb=2.5"
20189,202002.0,39.02640107445477,"ponderado_base=0.60, feb=2.5"
20192,202002.0,27.039115795117652,"ponderado_base=0.60, feb=2.5"
20193,202002.0,32.938249329966894,modelo
20196,202002.0,36.21001271621869,"ponderado_base=0.60, feb=2.5"
20197,202002.0,28.58922762714232,"ponderado_base=0.60, feb=2.5"
20198,202002.0,31.06091610212065,"ponderado_base=0.60, feb=2.5"
20200,202002.0,29.252985121706658,"ponderado_base=0.60, feb=2.5"
20201,202002.0,30.489582832053554,"ponderado_base=0.60, feb=2.5"
20202,202002.0,30.51613471204825,"ponderado_base=0.60, feb=2.5"
20203,202002.0,52.83789397310067,"ponderado_base=0.60, feb=2.5"
20205,202002.0,30.182016908605576,"ponderado_base=0.60, feb=2.5"
20206,202002.0,25.87859823047644,"ponderado_base=0.60, feb=2.5"
20207,202002.0,18.545383900737665,"ponderado_base=0.60, feb=2.5"
20208,202002.0,26.560919731971186,"ponderado_base=0.60, feb=2.5"
20209,202002.0,23.033835331223504,"ponderado_base=0.60, feb=2.5"
20210,202002.0,85.97857441176471,"ponderado_base=0.60, feb=2.5"
20211,202002.0,21.198921460860767,"ponderado_base=0.60, feb=2.5"
20212,202002.0,31.369572415864937,"ponderado_base=0.60, feb=2.5"
20213,202002.0,78.52108406662042,"ponderado_base=0.60, feb=2.5"
20215,202002.0,25.738281448910293,"ponderado_base=0.60, feb=2.5"
20216,202002.0,16.065382487835205,"ponderado_base=0.60, feb=2.5"
20218,202002.0,34.44966564165194,"ponderado_base=0.60, feb=2.5"
20219,202002.0,23.82698295446889,"ponderado_base=0.60, feb=2.5"
20220,202002.0,24.32961531827958,"ponderado_base=0.60, feb=2.5"
20222,202002.0,23.079781636981718,"ponderado_base=0.60, feb=2.5"
20224,202002.0,29.61185894481738,"ponderado_base=0.60, feb=2.5"
20225,202002.0,20.929652313538796,"ponderado_base=0.60, feb=2.5"
20226,202002.0,18.471200111385684,"ponderado_base=0.60, feb=2.5"
20227,202002.0,51.878126916225746,"ponderado_base=0.60, feb=2.5"
20228,202002.0,9.212851236805557,"ponderado_base=0.60, feb=2.5"
20230,202002.0,20.110153919648745,"ponderado_base=0.60, feb=2.5"
20231,202002.0,22.19194354709366,"ponderado_base=0.60, feb=2.5"
20232,202002.0,39.114516244705,"ponderado_base=0.60, feb=2.5"
20233,202002.0,29.854845025118927,"ponderado_base=0.60, feb=2.5"
20234,202002.0,7.339541052474592,"ponderado_base=0.60, feb=2.5"
20235,202002.0,41.693501127800964,"ponderado_base=0.60, feb=2.5"
20236,202002.0,66.06091184881848,"ponderado_base=0.60, feb=2.5"
20237,202002.0,40.91324091291047,"ponderado_base=0.60, feb=2.5"
20238,202002.0,21.461282235646117,"ponderado_base=0.60, feb=2.5"
20239,202002.0,19.716049174828896,"ponderado_base=0.60, feb=2.5"
20240,202002.0,19.52767385503378,"ponderado_base=0.60, feb=2.5"
20241,202002.0,19.02793059888963,"ponderado_base=0.60, feb=2.5"
20242,202002.0,11.779045107883565,"ponderado_base=0.60, feb=2.5"
20244,202002.0,22.408458577865368,"ponderado_base=0.60, feb=2.5"
20246,202002.0,21.30059649526187,"ponderado_base=0.60, feb=2.5"
20249,202002.0,10.573101559184519,"ponderado_base=0.60, feb=2.5"
20251,202002.0,20.863563727896224,"ponderado_base=0.60, feb=2.5"
20252,202002.0,17.002363359177085,"ponderado_base=0.60, feb=2.5"
20253,202002.0,18.998140297904072,"ponderado_base=0.60, feb=2.5"
20254,202002.0,21.015716723298837,"ponderado_base=0.60, feb=2.5"
20255,202002.0,11.727247069767245,"ponderado_base=0.60, feb=2.5"
20256,202002.0,19.198006341162714,"ponderado_base=0.60, feb=2.5"
20257,202002.0,59.481234607911176,"ponderado_base=0.60, feb=2.5"
20259,202002.0,15.163692794578262,"ponderado_base=0.60, feb=2.5"
20261,202002.0,57.875590142320085,"ponderado_base=0.60, feb=2.5"
20262,202002.0,27.243562029370405,"ponderado_base=0.60, feb=2.5"
20263,202002.0,21.068405025254844,"ponderado_base=0.60, feb=2.5"
20264,202002.0,18.53071091557446,"ponderado_base=0.60, feb=2.5"
20265,202002.0,7.580069988193079,"ponderado_base=0.60, feb=2.5"
20266,202002.0,38.95663164220078,"ponderado_base=0.60, feb=2.5"
20267,202002.0,21.19180635454028,"ponderado_base=0.60, feb=2.5"
20268,202002.0,18.044442177594846,"ponderado_base=0.60, feb=2.5"
20269,202002.0,14.820078704502038,"ponderado_base=0.60, feb=2.5"
20270,202002.0,17.132796923031318,"ponderado_base=0.60, feb=2.5"
20271,202002.0,12.535505360388463,"ponderado_base=0.60, feb=2.5"
20272,202002.0,16.257386066743358,"ponderado_base=0.60, feb=2.5"
20273,202002.0,16.26835721927886,"ponderado_base=0.60, feb=2.5"
20275,202002.0,19.229148227408704,"ponderado_base=0.60, feb=2.5"
20276,202002.0,19.342765745688677,"ponderado_base=0.60, feb=2.5"
20277,202002.0,15.37439705148687,"ponderado_base=0.60, feb=2.5"
20278,202002.0,9.204649642009139,"ponderado_base=0.60, feb=2.5"
20280,202002.0,16.47821323109681,"ponderado_base=0.60, feb=2.5"
20281,202002.0,12.629847552129526,"ponderado_base=0.60, feb=2.5"
20282,202002.0,18.308348835800157,"ponderado_base=0.60, feb=2.5"
20283,202002.0,14.76896044588673,"ponderado_base=0.60, feb=2.5"
20284,202002.0,15.713823463055062,"ponderado_base=0.60, feb=2.5"
20285,202002.0,9.709805156823503,"ponderado_base=0.60, feb=2.5"
20286,202002.0,48.63713775471186,"ponderado_base=0.60, feb=2.5"
20288,202002.0,18.193142757503594,"ponderado_base=0.60, feb=2.5"
20289,202002.0,16.809991593719968,"ponderado_base=0.60, feb=2.5"
20290,202002.0,20.046437863394832,"ponderado_base=0.60, feb=2.5"
20291,202002.0,14.90484446287084,"ponderado_base=0.60, feb=2.5"
20292,202002.0,14.29659445015354,"ponderado_base=0.60, feb=2.5"
20295,202002.0,13.60632621622527,"ponderado_base=0.60, feb=2.5"
20296,202002.0,17.471317864520085,"ponderado_base=0.60, feb=2.5"
20297,202002.0,34.01740485024522,"ponderado_base=0.60, feb=2.5"
20298,202002.0,16.72815131153168,"ponderado_base=0.60, feb=2.5"
20299,202002.0,17.86681051471223,"ponderado_base=0.60, feb=2.5"
20300,202002.0,16.595554576880648,"ponderado_base=0.60, feb=2.5"
20301,202002.0,13.757155602162703,"ponderado_base=0.60, feb=2.5"
20302,202002.0,4.412284911837846,"ponderado_base=0.60, feb=2.5"
20303,202002.0,18.869645351062378,"ponderado_base=0.60, feb=2.5"
20304,202002.0,8.473669046823584,"ponderado_base=0.60, feb=2.5"
20305,202002.0,4.080323224401202,"ponderado_base=0.60, feb=2.5"
20306,202002.0,32.20746956646759,"ponderado_base=0.60, feb=2.5"
20307,202002.0,15.736334909154422,"ponderado_base=0.60, feb=2.5"
20309,202002.0,14.899291784841214,"ponderado_base=0.60, feb=2.5"
20310,202002.0,15.762380715908783,"ponderado_base=0.60, feb=2.5"
20311,202002.0,19.393367705765886,"ponderado_base=0.60, feb=2.5"
20313,202002.0,25.08949669755983,"ponderado_base=0.60, feb=2.5"
20314,202002.0,17.56108170161565,"ponderado_base=0.60, feb=2.5"
20315,202002.0,15.411170640099744,"ponderado_base=0.60, feb=2.5"
20316,202002.0,30.73193269600614,"ponderado_base=0.60, feb=2.5"
20317,202002.0,14.662096851753212,"ponderado_base=0.60, feb=2.5"
20319,202002.0,13.677911002589,"ponderado_base=0.60, feb=2.5"
20320,202002.0,14.921267384132426,modelo
20321,202002.0,26.88897703953534,"ponderado_base=0.60, feb=2.5"
20322,202002.0,7.913379567693543,"ponderado_base=0.60, feb=2.5"
20323,202002.0,26.608541591737854,"ponderado_base=0.60, feb=2.5"
20324,202002.0,14.03907044060467,"ponderado_base=0.60, feb=2.5"
20325,202002.0,6.193476719510542,"ponderado_base=0.60, feb=2.5"
20326,202002.0,15.613475902065595,"ponderado_base=0.60, feb=2.5"
20327,202002.0,13.858332680635952,"ponderado_base=0.60, feb=2.5"
20328,202002.0,13.348761686773276,"ponderado_base=0.60, feb=2.5"
20329,202002.0,12.724989150229817,"ponderado_base=0.60, feb=2.5"
20330,202002.0,14.949029327943913,"ponderado_base=0.60, feb=2.5"
20332,202002.0,13.417849511381702,"ponderado_base=0.60, feb=2.5"
20334,202002.0,16.352034689258215,"ponderado_base=0.60, feb=2.5"
20335,202002.0,13.47635832192774,"ponderado_base=0.60, feb=2.5"
20336,202002.0,12.420282803758933,"ponderado_base=0.60, feb=2.5"
20337,202002.0,18.665733022827016,"ponderado_base=0.60, feb=2.5"
20338,202002.0,11.88037517794568,"ponderado_base=0.60, feb=2.5"
20340,202002.0,20.36391722029948,"ponderado_base=0.60, feb=2.5"
20341,202002.0,11.276145331739524,"ponderado_base=0.60, feb=2.5"
20342,202002.0,15.928588333884814,"ponderado_base=0.60, feb=2.5"
20343,202002.0,14.382846089411462,"ponderado_base=0.60, feb=2.5"
20344,202002.0,15.981793328927639,"ponderado_base=0.60, feb=2.5"
20346,202002.0,13.056851306938528,"ponderado_base=0.60, feb=2.5"
20348,202002.0,15.97457550300006,"ponderado_base=0.60, feb=2.5"
20349,202002.0,14.126730350710769,"ponderado_base=0.60, feb=2.5"
20350,202002.0,3.1730353620765084,"ponderado_base=0.60, feb=2.5"
20351,202002.0,19.93480072828463,"ponderado_base=0.60, feb=2.5"
20352,202002.0,17.776506561430306,"ponderado_base=0.60, feb=2.5"
20353,202002.0,10.453498710213138,"ponderado_base=0.60, feb=2.5"
20354,202002.0,13.903256139654442,"ponderado_base=0.60, feb=2.5"
20355,202002.0,37.087102139221145,"ponderado_base=0.60, feb=2.5"
20356,202002.0,14.235400482924781,"ponderado_base=0.60, feb=2.5"
20357,202002.0,14.876338813650138,"ponderado_base=0.60, feb=2.5"
20358,202002.0,10.308156088680704,"ponderado_base=0.60, feb=2.5"
20359,202002.0,13.26636450334866,"ponderado_base=0.60, feb=2.5"
20361,202002.0,18.00328375007095,"ponderado_base=0.60, feb=2.5"
20362,202002.0,6.240913770821317,"ponderado_base=0.60, feb=2.5"
20364,202002.0,33.8118631773154,"ponderado_base=0.60, feb=2.5"
20365,202002.0,12.460204457484815,"ponderado_base=0.60, feb=2.5"
20366,202002.0,10.730197611042055,"ponderado_base=0.60, feb=2.5"
20367,202002.0,11.32975862101434,"ponderado_base=0.60, feb=2.5"
20368,202002.0,16.89180129364301,"ponderado_base=0.60, feb=2.5"
20372,202002.0,8.906802240842536,"ponderado_base=0.60, feb=2.5"
20375,202002.0,7.438925646092697,"ponderado_base=0.60, feb=2.5"
20377,202002.0,11.953203110215293,"ponderado_base=0.60, feb=2.5"
20378,202002.0,18.483704109249608,"ponderado_base=0.60, feb=2.5"
20379,202002.0,7.2647759371289835,"ponderado_base=0.60, feb=2.5"
20380,202002.0,14.828226900323994,"ponderado_base=0.60, feb=2.5"
20381,202002.0,16.719465103721493,"ponderado_base=0.60, feb=2.5"
20382,202002.0,9.89140956264262,"ponderado_base=0.60, feb=2.5"
20383,202002.0,8.694370287897726,"ponderado_base=0.60, feb=2.5"
20384,202002.0,9.884751346238378,"ponderado_base=0.60, feb=2.5"
20385,202002.0,8.889920224671052,"ponderado_base=0.60, feb=2.5"
20386,202002.0,12.14519438815403,"ponderado_base=0.60, feb=2.5"
20387,202002.0,12.761919459762552,"ponderado_base=0.60, feb=2.5"
20388,202002.0,8.741844300351586,"ponderado_base=0.60, feb=2.5"
20389,202002.0,33.399762388255645,"ponderado_base=0.60, feb=2.5"
20390,202002.0,9.755095897428708,"ponderado_base=0.60, feb=2.5"
20395,202002.0,22.71322547667354,"ponderado_base=0.60, feb=2.5"
20396,202002.0,9.393434762192909,"ponderado_base=0.60, feb=2.5"
20398,202002.0,2.3513304621792503,"ponderado_base=0.60, feb=2.5"
20400,202002.0,10.802047584355837,"ponderado_base=0.60, feb=2.5"
20401,202002.0,10.147588132385902,"ponderado_base=0.60, feb=2.5"
20402,202002.0,14.851789252335577,"ponderado_base=0.60, feb=2.5"
20403,202002.0,12.749576403667973,"ponderado_base=0.60, feb=2.5"
20404,202002.0,9.282591132480857,"ponderado_base=0.60, feb=2.5"
20406,202002.0,12.226833881138663,"ponderado_base=0.60, feb=2.5"
20407,202002.0,8.407646135909589,"ponderado_base=0.60, feb=2.5"
20408,202002.0,12.86466612771062,"ponderado_base=0.60, feb=2.5"
20409,202002.0,4.539077926555362,"ponderado_base=0.60, feb=2.5"
20410,202002.0,9.436213752147296,"ponderado_base=0.60, feb=2.5"
20411,202002.0,8.910865609588154,"ponderado_base=0.60, feb=2.5"
20414,202002.0,33.22992931795213,"ponderado_base=0.60, feb=2.5"
20415,202002.0,6.324335014324271,"ponderado_base=0.60, feb=2.5"
20416,202002.0,2.255329996501144,"ponderado_base=0.60, feb=2.5"
20417,202002.0,10.753244380710571,"ponderado_base=0.60, feb=2.5"
20418,202002.0,2.2590429765630384,"ponderado_base=0.60, feb=2.5"
20419,202002.0,11.7532733183525,"ponderado_base=0.60, feb=2.5"
20421,202002.0,11.585978617670465,"ponderado_base=0.60, feb=2.5"
20422,202002.0,2.378063174664391,"ponderado_base=0.60, feb=2.5"
20424,202002.0,7.180418858982751,"ponderado_base=0.60, feb=2.5"
20426,202002.0,7.186499429686334,"ponderado_base=0.60, feb=2.5"
20428,202002.0,2.9207596311727655,"ponderado_base=0.60, feb=2.5"
20429,202002.0,2.2395897656824566,"ponderado_base=0.60, feb=2.5"
20432,202002.0,7.801487304910038,"ponderado_base=0.60, feb=2.5"
20433,202002.0,13.510955697211427,"ponderado_base=0.60, feb=2.5"
20434,202002.0,9.085107137296784,"ponderado_base=0.60, feb=2.5"
20438,202002.0,13.64077213489299,"ponderado_base=0.60, feb=2.5"
20440,202002.0,38.48144923737917,"ponderado_base=0.60, feb=2.5"
20442,202002.0,24.7205635048054,"ponderado_base=0.60, feb=2.5"
20443,202002.0,8.051872873075308,"ponderado_base=0.60, feb=2.5"
20447,202002.0,8.103871987937215,"ponderado_base=0.60, feb=2.5"
20449,202002.0,2.3154780711972673,"ponderado_base=0.60, feb=2.5"
20450,202002.0,9.527324473285551,"ponderado_base=0.60, feb=2.5"
20453,202002.0,12.066021661291,"ponderado_base=0.60, feb=2.5"
20456,202002.0,7.491782091252233,"ponderado_base=0.60, feb=2.5"
20458,202002.0,25.172230769632602,"ponderado_base=0.60, feb=2.5"
20459,202002.0,18.388082431317965,"ponderado_base=0.60, feb=2.5"
20460,202002.0,14.386051774162821,"ponderado_base=0.60, feb=2.5"
20463,202002.0,11.080831673856961,"ponderado_base=0.60, feb=2.5"
20464,202002.0,5.573614648639154,"ponderado_base=0.60, feb=2.5"
20465,202002.0,6.31012159205757,"ponderado_base=0.60, feb=2.5"
20466,202002.0,8.361329080093261,"ponderado_base=0.60, feb=2.5"
20469,202002.0,9.40681343161902,"ponderado_base=0.60, feb=2.5"
20470,202002.0,8.727665185528117,"ponderado_base=0.60, feb=2.5"
20473,202002.0,8.132281687322779,"ponderado_base=0.60, feb=2.5"
20474,202002.0,9.881817906507765,"ponderado_base=0.60, feb=2.5"
20476,202002.0,22.36302600866227,"ponderado_base=0.60, feb=2.5"
20477,202002.0,8.346946505107946,"ponderado_base=0.60, feb=2.5"
20478,202002.0,5.740509594156206,"ponderado_base=0.60, feb=2.5"
20479,202002.0,10.226511987253167,"ponderado_base=0.60, feb=2.5"
20480,202002.0,6.367530012789583,"ponderado_base=0.60, feb=2.5"
20481,202002.0,8.761617244338556,"ponderado_base=0.60, feb=2.5"
20482,202002.0,7.364821917108796,"ponderado_base=0.60, feb=2.5"
20483,202002.0,7.877697105472546,"ponderado_base=0.60, feb=2.5"
20484,202002.0,4.976128578246903,"ponderado_base=0.60, feb=2.5"
20488,202002.0,10.255540038577902,"ponderado_base=0.60, feb=2.5"
20490,202002.0,1.9872873570903882,"ponderado_base=0.60, feb=2.5"
20491,202002.0,13.243207069118917,"ponderado_base=0.60, feb=2.5"
20495,202002.0,14.890405326222975,"ponderado_base=0.60, feb=2.5"
20496,202002.0,7.310521440593499,"ponderado_base=0.60, feb=2.5"
20497,202002.0,6.319593658644865,"ponderado_base=0.60, feb=2.5"
20500,202002.0,8.943515494133168,"ponderado_base=0.60, feb=2.5"
20502,202002.0,6.520151763008689,"ponderado_base=0.60, feb=2.5"
20503,202002.0,10.79585604965224,"ponderado_base=0.60, feb=2.5"
20505,202002.0,5.489216893278391,"ponderado_base=0.60, feb=2.5"
20508,202002.0,4.388036374078506,"ponderado_base=0.60, feb=2.5"
20509,202002.0,2.042360082617557,"ponderado_base=0.60, feb=2.5"
20510,202002.0,12.543268870294531,"ponderado_base=0.60, feb=2.5"
20513,202002.0,10.474626960413655,"ponderado_base=0.60, feb=2.5"
20514,202002.0,6.692551736604288,"ponderado_base=0.60, feb=2.5"
20517,202002.0,5.193224285493564,"ponderado_base=0.60, feb=2.5"
20520,202002.0,6.961867764983169,"ponderado_base=0.60, feb=2.5"
20521,202002.0,15.013658289558206,"ponderado_base=0.60, feb=2.5"
20522,202002.0,13.41487824304344,"ponderado_base=0.60, feb=2.5"
20523,202002.0,12.124146560770955,"ponderado_base=0.60, feb=2.5"
20524,202002.0,5.51778309575392,"ponderado_base=0.60, feb=2.5"
20525,202002.0,17.84014155143004,"ponderado_base=0.60, feb=2.5"
20526,202002.0,17.85947857508009,"ponderado_base=0.60, feb=2.5"
20527,202002.0,11.727442912231666,"ponderado_base=0.60, feb=2.5"
20530,202002.0,4.512779636872897,"ponderado_base=0.60, feb=2.5"
20531,202002.0,14.984844658014051,"ponderado_base=0.60, feb=2.5"
20532,202002.0,5.251441580464352,modelo
20536,202002.0,6.175734345590786,"ponderado_base=0.60, feb=2.5"
20537,202002.0,15.863230600400737,"ponderado_base=0.60, feb=2.5"
20538,202002.0,7.301598986221569,"ponderado_base=0.60, feb=2.5"
20539,202002.0,5.843881853770028,"ponderado_base=0.60, feb=2.5"
20540,202002.0,10.518615682060847,"ponderado_base=0.60, feb=2.5"
20541,202002.0,9.506423694858714,"ponderado_base=0.60, feb=2.5"
20542,202002.0,8.00412388031561,"ponderado_base=0.60, feb=2.5"
20544,202002.0,6.727058482471595,"ponderado_base=0.60, feb=2.5"
20547,202002.0,13.813946990646157,"ponderado_base=0.60, feb=2.5"
20548,202002.0,15.835284363522213,"ponderado_base=0.60, feb=2.5"
20549,202002.0,6.927244973798977,"ponderado_base=0.60, feb=2.5"
20551,202002.0,5.1538569174783655,"ponderado_base=0.60, feb=2.5"
20552,202002.0,3.7629286243862943,"ponderado_base=0.60, feb=2.5"
20553,202002.0,9.615663340226737,"ponderado_base=0.60, feb=2.5"
20555,202002.0,2.9296453694472824,"ponderado_base=0.60, feb=2.5"
20558,202002.0,10.179514150315125,"ponderado_base=0.60, feb=2.5"
20559,202002.0,10.173589883785013,"ponderado_base=0.60, feb=2.5"
20560,202002.0,4.880475738513514,"ponderado_base=0.60, feb=2.5"
20561,202002.0,1.2901570180716855,"ponderado_base=0.60, feb=2.5"
20563,202002.0,6.048158801944331,"ponderado_base=0.60, feb=2.5"
20565,202002.0,4.556760535681597,"ponderado_base=0.60, feb=2.5"
20567,202002.0,7.847359494958093,"ponderado_base=0.60, feb=2.5"
20568,202002.0,3.974726160524891,"ponderado_base=0.60, feb=2.5"
20569,202002.0,11.938155418444063,"ponderado_base=0.60, feb=2.5"
20570,202002.0,6.314677352581702,"ponderado_base=0.60, feb=2.5"
20571,202002.0,8.764944189304622,"ponderado_base=0.60, feb=2.5"
20572,202002.0,4.180128341598216,"ponderado_base=0.60, feb=2.5"
20574,202002.0,4.095485162652277,"ponderado_base=0.60, feb=2.5"
20575,202002.0,13.753148829889904,"ponderado_base=0.60, feb=2.5"
20576,202002.0,8.460794000179742,"ponderado_base=0.60, feb=2.5"
20577,202002.0,13.881521976113067,"ponderado_base=0.60, feb=2.5"
20578,202002.0,4.500180708120496,"ponderado_base=0.60, feb=2.5"
20579,202002.0,4.212933193234156,"ponderado_base=0.60, feb=2.5"
20580,202002.0,17.589133885938395,"ponderado_base=0.60, feb=2.5"
20583,202002.0,4.044668698075144,"ponderado_base=0.60, feb=2.5"
20585,202002.0,6.848108950858616,"ponderado_base=0.60, feb=2.5"
20586,202002.0,1.1965849477658652,"ponderado_base=0.60, feb=2.5"
20588,202002.0,2.294900629201026,"ponderado_base=0.60, feb=2.5"
20589,202002.0,6.5905119445334375,"ponderado_base=0.60, feb=2.5"
20592,202002.0,13.2636715870842,"ponderado_base=0.60, feb=2.5"
20593,202002.0,10.949917970551999,"ponderado_base=0.60, feb=2.5"
20596,202002.0,4.241515690994706,"ponderado_base=0.60, feb=2.5"
20597,202002.0,1.0687926316642065,"ponderado_base=0.60, feb=2.5"
20599,202002.0,4.231437382268366,"ponderado_base=0.60, feb=2.5"
20600,202002.0,3.809749917018089,"ponderado_base=0.60, feb=2.5"
20601,202002.0,1.4175395241528808,"ponderado_base=0.60, feb=2.5"
20602,202002.0,3.6724921659418817,"ponderado_base=0.60, feb=2.5"
20603,202002.0,11.756873984076067,"ponderado_base=0.60, feb=2.5"
20604,202002.0,8.52207168120342,"ponderado_base=0.60, feb=2.5"
20605,202002.0,5.480899590333672,"ponderado_base=0.60, feb=2.5"
20606,202002.0,4.017916253724235,"ponderado_base=0.60, feb=2.5"
20609,202002.0,2.6134788120466284,"ponderado_base=0.60, feb=2.5"
20611,202002.0,11.096620621146426,"ponderado_base=0.60, feb=2.5"
20612,202002.0,6.89255230465551,modelo
20614,202002.0,2.5853722287875986,"ponderado_base=0.60, feb=2.5"
20615,202002.0,13.914777977980668,"ponderado_base=0.60, feb=2.5"
20617,202002.0,2.6218087883905996,"ponderado_base=0.60, feb=2.5"
20620,202002.0,8.979529279109338,"ponderado_base=0.60, feb=2.5"
20621,202002.0,12.01329313104189,"ponderado_base=0.60, feb=2.5"
20622,202002.0,4.915007250704331,"ponderado_base=0.60, feb=2.5"
20623,202002.0,12.29041438119477,"ponderado_base=0.60, feb=2.5"
20624,202002.0,5.065121419646453,"ponderado_base=0.60, feb=2.5"
20627,202002.0,9.027466541192188,"ponderado_base=0.60, feb=2.5"
20628,202002.0,4.368951731971927,"ponderado_base=0.60, feb=2.5"
20629,202002.0,2.8282129180579196,"ponderado_base=0.60, feb=2.5"
20632,202002.0,3.0188547149842098,"ponderado_base=0.60, feb=2.5"
20633,202002.0,11.123575592182231,"ponderado_base=0.60, feb=2.5"
20636,202002.0,1.1585732290787325,"ponderado_base=0.60, feb=2.5"
20637,202002.0,5.113688381022437,modelo
20638,202002.0,7.0709850789833695,"ponderado_base=0.60, feb=2.5"
20639,202002.0,4.502509992194838,"ponderado_base=0.60, feb=2.5"
20640,202002.0,3.3766154293324595,"ponderado_base=0.60, feb=2.5"
20641,202002.0,2.8774273568064674,"ponderado_base=0.60, feb=2.5"
20642,202002.0,3.9334094877978005,"ponderado_base=0.60, feb=2.5"
20644,202002.0,2.3975942443659055,"ponderado_base=0.60, feb=2.5"
20646,202002.0,5.481145827538906,"ponderado_base=0.60, feb=2.5"
20647,202002.0,2.0572537052752615,"ponderado_base=0.60, feb=2.5"
20649,202002.0,14.167079348942558,"ponderado_base=0.60, feb=2.5"
20651,202002.0,2.858237908437212,"ponderado_base=0.60, feb=2.5"
20652,202002.0,3.889572966940478,"ponderado_base=0.60, feb=2.5"
20653,202002.0,3.446059911039704,"ponderado_base=0.60, feb=2.5"
20654,202002.0,4.218770273302102,"ponderado_base=0.60, feb=2.5"
20655,202002.0,2.84301070540016,"ponderado_base=0.60, feb=2.5"
20657,202002.0,3.896053133171399,"ponderado_base=0.60, feb=2.5"
20658,202002.0,4.1055580033657355,"ponderado_base=0.60, feb=2.5"
20659,202002.0,10.574913819614661,"ponderado_base=0.60, feb=2.5"
20660,202002.0,1.7212654314129903,"ponderado_base=0.60, feb=2.5"
20661,202002.0,4.325711221644315,"ponderado_base=0.60, feb=2.5"
20662,202002.0,11.550951079484427,"ponderado_base=0.60, feb=2.5"
20663,202002.0,0.8829817877966286,"ponderado_base=0.60, feb=2.5"
20664,202002.0,2.6073796662145816,"ponderado_base=0.60, feb=2.5"
20666,202002.0,3.5706847130391064,"ponderado_base=0.60, feb=2.5"
20667,202002.0,4.577665614011335,"ponderado_base=0.60, feb=2.5"
20670,202002.0,1.822157106753147,"ponderado_base=0.60, feb=2.5"
20672,202002.0,4.017947456566446,"ponderado_base=0.60, feb=2.5"
20673,202002.0,11.49812341970999,"ponderado_base=0.60, feb=2.5"
20674,202002.0,9.723487013089624,"ponderado_base=0.60, feb=2.5"
20676,202002.0,1.9263290232345085,"ponderado_base=0.60, feb=2.5"
20677,202002.0,2.499579618360732,"ponderado_base=0.60, feb=2.5"
20678,202002.0,0.8859303414669282,"ponderado_base=0.60, feb=2.5"
20679,202002.0,8.528000965841095,"ponderado_base=0.60, feb=2.5"
20680,202002.0,5.3151642953969365,"ponderado_base=0.60, feb=2.5"
20681,202002.0,9.39108282177588,"ponderado_base=0.60, feb=2.5"
20682,202002.0,6.87923834565843,"ponderado_base=0.60, feb=2.5"
20684,202002.0,1.4909565327290135,"ponderado_base=0.60, feb=2.5"
20685,202002.0,1.2749918463441285,"ponderado_base=0.60, feb=2.5"
20686,202002.0,11.156439007352942,"ponderado_base=0.60, feb=2.5"
20689,202002.0,5.7304296249792674,"ponderado_base=0.60, feb=2.5"
20691,202002.0,11.868738400010537,"ponderado_base=0.60, feb=2.5"
20693,202002.0,3.6567199618016204,"ponderado_base=0.60, feb=2.5"
20694,202002.0,9.505490097154754,"ponderado_base=0.60, feb=2.5"
20696,202002.0,4.23809598320412,"ponderado_base=0.60, feb=2.5"
20697,202002.0,2.5736153387996032,"ponderado_base=0.60, feb=2.5"
20699,202002.0,3.9845393986583106,"ponderado_base=0.60, feb=2.5"
20700,202002.0,3.5505686481593295,"ponderado_base=0.60, feb=2.5"
20701,202002.0,3.5995512061508608,"ponderado_base=0.60, feb=2.5"
20702,202002.0,2.0136186962629057,"ponderado_base=0.60, feb=2.5"
20703,202002.0,10.692811617647058,"ponderado_base=0.60, feb=2.5"
20705,202002.0,2.8290238183785426,"ponderado_base=0.60, feb=2.5"
20706,202002.0,3.706286641964245,"ponderado_base=0.60, feb=2.5"
20708,202002.0,3.2976445253363424,"ponderado_base=0.60, feb=2.5"
20709,202002.0,8.57755593549721,"ponderado_base=0.60, feb=2.5"
20711,202002.0,9.696490614930184,"ponderado_base=0.60, feb=2.5"
20713,202002.0,2.0114182958914273,"ponderado_base=0.60, feb=2.5"
20714,202002.0,3.833184077133794,"ponderado_base=0.60, feb=2.5"
20715,202002.0,1.8515845860348148,"ponderado_base=0.60, feb=2.5"
20719,202002.0,8.495248402848393,"ponderado_base=0.60, feb=2.5"
20720,202002.0,10.085518222341568,"ponderado_base=0.60, feb=2.5"
20721,202002.0,1.3430928784351353,"ponderado_base=0.60, feb=2.5"
20724,202002.0,2.127142158765601,"ponderado_base=0.60, feb=2.5"
20729,202002.0,1.3000229889635433,"ponderado_base=0.60, feb=2.5"
20730,202002.0,1.8985748007784853,"ponderado_base=0.60, feb=2.5"
20732,202002.0,7.662134160762727,"ponderado_base=0.60, feb=2.5"
20733,202002.0,2.6069631547089513,"ponderado_base=0.60, feb=2.5"
20735,202002.0,2.2378952950618913,"ponderado_base=0.60, feb=2.5"
20737,202002.0,3.1282256777387394,"ponderado_base=0.60, feb=2.5"
20739,202002.0,2.945691654196463,"ponderado_base=0.60, feb=2.5"
20741,202002.0,1.4712977952991408,"ponderado_base=0.60, feb=2.5"
20742,202002.0,2.314638103465057,"ponderado_base=0.60, feb=2.5"
20743,202002.0,1.635926961272108,"ponderado_base=0.60, feb=2.5"
20744,202002.0,3.0954018158446592,"ponderado_base=0.60, feb=2.5"
20745,202002.0,1.7268035618047861,"ponderado_base=0.60, feb=2.5"
20746,202002.0,6.9524754581208015,"ponderado_base=0.60, feb=2.5"
20749,202002.0,2.726907557976255,"ponderado_base=0.60, feb=2.5"
20750,202002.0,2.202529948949314,"ponderado_base=0.60, feb=2.5"
20751,202002.0,2.8637001756629905,"ponderado_base=0.60, feb=2.5"
20754,202002.0,8.640203960069154,"ponderado_base=0.60, feb=2.5"
20756,202002.0,2.779778677763369,"ponderado_base=0.60, feb=2.5"
20757,202002.0,3.380249492037151,"ponderado_base=0.60, feb=2.5"
20758,202002.0,3.4599116667023626,"ponderado_base=0.60, feb=2.5"
20759,202002.0,1.8305548886770024,"ponderado_base=0.60, feb=2.5"
20761,202002.0,2.584276238098672,"ponderado_base=0.60, feb=2.5"
20762,202002.0,7.1957219153365735,"ponderado_base=0.60, feb=2.5"
20765,202002.0,0.690587348399054,"ponderado_base=0.60, feb=2.5"
20768,202002.0,1.6818594636367603,"ponderado_base=0.60, feb=2.5"
20771,202002.0,1.3206692562833673,"ponderado_base=0.60, feb=2.5"
20772,202002.0,6.052963716716269,"ponderado_base=0.60, feb=2.5"
20773,202002.0,0.636577706971516,"ponderado_base=0.60, feb=2.5"
20774,202002.0,6.008044612446996,"ponderado_base=0.60, feb=2.5"
20775,202002.0,2.2443622717051364,"ponderado_base=0.60, feb=2.5"
20777,202002.0,2.6148671469255267,"ponderado_base=0.60, feb=2.5"
20781,202002.0,1.5780786593826657,"ponderado_base=0.60, feb=2.5"
20783,202002.0,3.7145266117158626,"ponderado_base=0.60, feb=2.5"
20785,202002.0,4.487548963641009,"ponderado_base=0.60, feb=2.5"
20786,202002.0,1.7843571036490449,"ponderado_base=0.60, feb=2.5"
20788,202002.0,1.2217202891832135,"ponderado_base=0.60, feb=2.5"
20789,202002.0,1.6682494910867525,"ponderado_base=0.60, feb=2.5"
20793,202002.0,2.678463929916826,"ponderado_base=0.60, feb=2.5"
20795,202002.0,6.1747041351227505,"ponderado_base=0.60, feb=2.5"
20800,202002.0,0.9646011222839795,"ponderado_base=0.60, feb=2.5"
20801,202002.0,1.965266492555449,"ponderado_base=0.60, feb=2.5"
20802,202002.0,0.9862675432190589,"ponderado_base=0.60, feb=2.5"
20803,202002.0,1.2663779385115281,"ponderado_base=0.60, feb=2.5"
20807,202002.0,2.5587060787911264,modelo
20809,202002.0,3.029173578163619,"ponderado_base=0.60, feb=2.5"
20810,202002.0,1.8599842599721272,"ponderado_base=0.60, feb=2.5"
20811,202002.0,3.047224151386532,"ponderado_base=0.60, feb=2.5"
20812,202002.0,1.1671627423984834,"ponderado_base=0.60, feb=2.5"
20815,202002.0,7.395882074947954,"ponderado_base=0.60, feb=2.5"
20817,202002.0,3.3820607708894794,"ponderado_base=0.60, feb=2.5"
20818,202002.0,1.5574810708473419,"ponderado_base=0.60, feb=2.5"
20820,202002.0,1.9031709103372088,"ponderado_base=0.60, feb=2.5"
20822,202002.0,5.991736443182676,"ponderado_base=0.60, feb=2.5"
20823,202002.0,1.8420038134853405,"ponderado_base=0.60, feb=2.5"
20824,202002.0,0.9096808082385114,"ponderado_base=0.60, feb=2.5"
20826,202002.0,1.633719496281555,"ponderado_base=0.60, feb=2.5"
20827,202002.0,3.9693540525165263,"ponderado_base=0.60, feb=2.5"
20828,202002.0,1.3340991804770814,"ponderado_base=0.60, feb=2.5"
20830,202002.0,1.3031609775962416,"ponderado_base=0.60, feb=2.5"
20831,202002.0,2.347158413369079,"ponderado_base=0.60, feb=2.5"
20832,202002.0,1.7003515318562525,"ponderado_base=0.60, feb=2.5"
20835,202002.0,2.845278630428958,"ponderado_base=0.60, feb=2.5"
20838,202002.0,2.079614744998706,modelo
20840,202002.0,1.4495147201197491,"ponderado_base=0.60, feb=2.5"
20843,202002.0,1.326685128355073,"ponderado_base=0.60, feb=2.5"
20845,202002.0,3.014806156015038,"ponderado_base=0.60, feb=2.5"
20846,202002.0,1.1404094893569625,"ponderado_base=0.60, feb=2.5"
20847,202002.0,1.3851703423196968,"ponderado_base=0.60, feb=2.5"
20849,202002.0,1.7855187921626134,"ponderado_base=0.60, feb=2.5"
20852,202002.0,0.963450077135428,"ponderado_base=0.60, feb=2.5"
20853,202002.0,3.255176291702655,"ponderado_base=0.60, feb=2.5"
20855,202002.0,1.6005166338134393,"ponderado_base=0.60, feb=2.5"
20859,202002.0,3.5663395852267614,"ponderado_base=0.60, feb=2.5"
20862,202002.0,1.8378505370006013,"ponderado_base=0.60, feb=2.5"
20863,202002.0,1.4786237565974376,"ponderado_base=0.60, feb=2.5"
20864,202002.0,1.3062124402472675,"ponderado_base=0.60, feb=2.5"
20865,202002.0,1.6567654534495442,"ponderado_base=0.60, feb=2.5"
20870,202002.0,1.3329982243085226,"ponderado_base=0.60, feb=2.5"
20877,202002.0,1.0502714790943868,"ponderado_base=0.60, feb=2.5"
20878,202002.0,1.4294138518354467,"ponderado_base=0.60, feb=2.5"
20879,202002.0,1.2091121522129646,"ponderado_base=0.60, feb=2.5"
20882,202002.0,1.5196348554621564,"ponderado_base=0.60, feb=2.5"
20883,202002.0,0.9127496933614526,"ponderado_base=0.60, feb=2.5"
20885,202002.0,1.3600160482867745,"ponderado_base=0.60, feb=2.5"
20886,202002.0,1.5039889258861439,"ponderado_base=0.60, feb=2.5"
20892,202002.0,1.2314658558327762,"ponderado_base=0.60, feb=2.5"
20894,202002.0,1.405490062768775,"ponderado_base=0.60, feb=2.5"
20899,202002.0,3.016982852185982,"ponderado_base=0.60, feb=2.5"
20901,202002.0,0.8429431289550109,"ponderado_base=0.60, feb=2.5"
20902,202002.0,2.313895669413796,"ponderado_base=0.60, feb=2.5"
20904,202002.0,4.610089401181525,"ponderado_base=0.60, feb=2.5"
20906,202002.0,0.7872282803579745,"ponderado_base=0.60, feb=2.5"
20907,202002.0,4.8259649673070095,"ponderado_base=0.60, feb=2.5"
20908,202002.0,2.3797630272733374,"ponderado_base=0.60, feb=2.5"
20910,202002.0,4.382480581364124,"ponderado_base=0.60, feb=2.5"
20912,202002.0,3.8686378839957034,"ponderado_base=0.60, feb=2.5"
20913,202002.0,1.213942543430774,"ponderado_base=0.60, feb=2.5"
20914,202002.0,1.1665160394635188,"ponderado_base=0.60, feb=2.5"
20917,202002.0,3.0668124031027713,"ponderado_base=0.60, feb=2.5"
20919,202002.0,0.9945737269822591,"ponderado_base=0.60, feb=2.5"
20920,202002.0,3.3006092938603793,"ponderado_base=0.60, feb=2.5"
20922,202002.0,0.8834455491133614,"ponderado_base=0.60, feb=2.5"
20924,202002.0,3.266392612064656,"ponderado_base=0.60, feb=2.5"
20925,202002.0,0.867519658206405,"ponderado_base=0.60, feb=2.5"
20927,202002.0,3.7841667262767,"ponderado_base=0.60, feb=2.5"
20928,202002.0,3.513364816593067,"ponderado_base=0.60, feb=2.5"
20931,202002.0,1.1017097344091973,"ponderado_base=0.60, feb=2.5"
20932,202002.0,2.465455933594401,"ponderado_base=0.60, feb=2.5"
20933,202002.0,3.688656337271751,"ponderado_base=0.60, feb=2.5"
20936,202002.0,0.5765003372145979,"ponderado_base=0.60, feb=2.5"
20937,202002.0,0.9352327085042088,"ponderado_base=0.60, feb=2.5"
20941,202002.0,0.8450721074523272,"ponderado_base=0.60, feb=2.5"
20942,202002.0,2.374300020818876,"ponderado_base=0.60, feb=2.5"
20945,202002.0,1.4587307332631398,"ponderado_base=0.60, feb=2.5"
20946,202002.0,3.1331389005478254,"ponderado_base=0.60, feb=2.5"
20947,202002.0,0.6725591428473158,"ponderado_base=0.60, feb=2.5"
20948,202002.0,0.6080680164563667,"ponderado_base=0.60, feb=2.5"
20949,202002.0,1.0369885617604648,"ponderado_base=0.60, feb=2.5"
20951,202002.0,1.1454609828377476,"ponderado_base=0.60, feb=2.5"
20953,202002.0,2.0817136184210527,"ponderado_base=0.60, feb=2.5"
20956,202002.0,0.54850836481986,"ponderado_base=0.60, feb=2.5"
20957,202002.0,1.131675758972471,"ponderado_base=0.60, feb=2.5"
20961,202002.0,0.9076296526341292,"ponderado_base=0.60, feb=2.5"
20962,202002.0,3.0973132720588237,"ponderado_base=0.60, feb=2.5"
20965,202002.0,0.6594210301704334,"ponderado_base=0.60, feb=2.5"
20966,202002.0,1.6078108036341408,"ponderado_base=0.60, feb=2.5"
20967,202002.0,1.6449498823065962,"ponderado_base=0.60, feb=2.5"
20968,202002.0,2.67010478834143,"ponderado_base=0.60, feb=2.5"
20970,202002.0,0.4873294611150655,"ponderado_base=0.60, feb=2.5"
20975,202002.0,2.7752961029411765,"ponderado_base=0.60, feb=2.5"
20976,202002.0,0.7276305457328629,"ponderado_base=0.60, feb=2.5"
20982,202002.0,0.37907560184930295,"ponderado_base=0.60, feb=2.5"
20985,202002.0,0.6663994716633123,"ponderado_base=0.60, feb=2.5"
20986,202002.0,0.8468359350117135,"ponderado_base=0.60, feb=2.5"
20987,202002.0,1.1745019932948595,"ponderado_base=0.60, feb=2.5"
20990,202002.0,0.9640076515138335,"ponderado_base=0.60, feb=2.5"
20991,202002.0,0.25811706669550544,"ponderado_base=0.60, feb=2.5"
20994,202002.0,0.32664012656202707,"ponderado_base=0.60, feb=2.5"
20995,202002.0,2.6166395220588234,"ponderado_base=0.60, feb=2.5"
20996,202002.0,0.6442583386909327,"ponderado_base=0.60, feb=2.5"
20997,202002.0,1.175761036242644,"ponderado_base=0.60, feb=2.5"
21001,202002.0,0.7698550616242881,"ponderado_base=0.60, feb=2.5"
21003,202002.0,0.5693452801440679,"ponderado_base=0.60, feb=2.5"
21006,202002.0,1.6369221938775511,"ponderado_base=0.60, feb=2.5"
21007,202002.0,2.2917333250809873,"ponderado_base=0.60, feb=2.5"
21008,202002.0,0.7522988065278828,"ponderado_base=0.60, feb=2.5"
21014,202002.0,0.876451307809133,"ponderado_base=0.60, feb=2.5"
21016,202002.0,0.5166830148772373,"ponderado_base=0.60, feb=2.5"
21022,202002.0,0.8894059279214969,"ponderado_base=0.60, feb=2.5"
21024,202002.0,0.5266175224520026,"ponderado_base=0.60, feb=2.5"
21027,202002.0,1.6046454362033036,"ponderado_base=0.60, feb=2.5"
21028,202002.0,0.5927940231068726,"ponderado_base=0.60, feb=2.5"
21032,202002.0,0.34823537571973195,"ponderado_base=0.60, feb=2.5"
21033,202002.0,1.2954237926844647,"ponderado_base=0.60, feb=2.5"
21034,202002.0,0.8163283914628995,"ponderado_base=0.60, feb=2.5"
21035,202002.0,2.0383880128893668,"ponderado_base=0.60, feb=2.5"
21037,202002.0,0.7527297881970011,"ponderado_base=0.60, feb=2.5"
21038,202002.0,0.44065598601031514,"ponderado_base=0.60, feb=2.5"
21039,202002.0,1.8964777631578948,"ponderado_base=0.60, feb=2.5"
21040,202002.0,0.7941890891619096,"ponderado_base=0.60, feb=2.5"
21042,202002.0,1.4015145650724878,"ponderado_base=0.60, feb=2.5"
21044,202002.0,1.551953735731545,"ponderado_base=0.60, feb=2.5"
21048,202002.0,0.3618950042083614,"ponderado_base=0.60, feb=2.5"
21049,202002.0,0.2910478641090568,"ponderado_base=0.60, feb=2.5"
21055,202002.0,0.3815337266218875,"ponderado_base=0.60, feb=2.5"
21056,202002.0,0.8272671508226491,"ponderado_base=0.60, feb=2.5"
21057,202002.0,0.6896781070176611,"ponderado_base=0.60, feb=2.5"
21058,202002.0,1.8307062317834837,"ponderado_base=0.60, feb=2.5"
21064,202002.0,0.8006680475649891,"ponderado_base=0.60, feb=2.5"
21065,202002.0,0.568739273969163,"ponderado_base=0.60, feb=2.5"
21073,202002.0,0.9622517006862153,"ponderado_base=0.60, feb=2.5"
21074,202002.0,1.1407794576424761,"ponderado_base=0.60, feb=2.5"
21077,202002.0,0.23047506368992213,"ponderado_base=0.60, feb=2.5"
21079,202002.0,1.322387881310419,"ponderado_base=0.60, feb=2.5"
21080,202002.0,0.4403542180502023,"ponderado_base=0.60, feb=2.5"
21084,202002.0,0.7212054255690109,"ponderado_base=0.60, feb=2.5"
21086,202002.0,0.90449881097028,"ponderado_base=0.60, feb=2.5"
21087,202002.0,1.035625330882353,"ponderado_base=0.60, feb=2.5"
21088,202002.0,0.20309913577713837,"ponderado_base=0.60, feb=2.5"
21092,202002.0,1.0579715420064322,"ponderado_base=0.60, feb=2.5"
21093,202002.0,0.6470190690139547,"ponderado_base=0.60, feb=2.5"
21097,202002.0,1.4525080430256765,"ponderado_base=0.60, feb=2.5"
21099,202002.0,0.47465877489168473,"ponderado_base=0.60, feb=2.5"
21105,202002.0,0.6051351653228573,"ponderado_base=0.60, feb=2.5"
21109,202002.0,1.1614356296992483,"ponderado_base=0.60, feb=2.5"
21110,202002.0,1.5072365163081194,"ponderado_base=0.60, feb=2.5"
21111,202002.0,1.3944125726250363,"ponderado_base=0.60, feb=2.5"
21112,202002.0,0.8889346777658432,"ponderado_base=0.60, feb=2.5"
21114,202002.0,1.528568707103163,"ponderado_base=0.60, feb=2.5"
21118,202002.0,0.3021094021934738,"ponderado_base=0.60, feb=2.5"
21119,202002.0,1.2961148521162003,"ponderado_base=0.60, feb=2.5"
21126,202002.0,0.6000704936093764,"ponderado_base=0.60, feb=2.5"
21129,202002.0,0.9281422414989591,"ponderado_base=0.60, feb=2.5"
21131,202002.0,0.15996899158684327,"ponderado_base=0.60, feb=2.5"
21135,202002.0,0.40673576648683557,"ponderado_base=0.60, feb=2.5"
21140,202002.0,0.7731063902130686,"ponderado_base=0.60, feb=2.5"
21142,202002.0,0.2979724903591314,"ponderado_base=0.60, feb=2.5"
21144,202002.0,0.8431026786953505,"ponderado_base=0.60, feb=2.5"
21146,202002.0,0.9080933171408744,"ponderado_base=0.60, feb=2.5"
21153,202002.0,0.4733843351848961,"ponderado_base=0.60, feb=2.5"
21154,202002.0,0.7876754129077029,"ponderado_base=0.60, feb=2.5"
21155,202002.0,0.27088616559241674,"ponderado_base=0.60, feb=2.5"
21157,202002.0,0.1760510786251169,"ponderado_base=0.60, feb=2.5"
21159,202002.0,0.35216463017881605,"ponderado_base=0.60, feb=2.5"
21163,202002.0,0.44001505650099987,"ponderado_base=0.60, feb=2.5"
21164,202002.0,0.30863515918696727,"ponderado_base=0.60, feb=2.5"
21167,202002.0,0.16345141431540153,"ponderado_base=0.60, feb=2.5"
21168,202002.0,0.353960468686848,"ponderado_base=0.60, feb=2.5"
21170,202002.0,0.11559377806214777,"ponderado_base=0.60, feb=2.5"
21171,202002.0,0.43350600561364777,"ponderado_base=0.60, feb=2.5"
21176,202002.0,0.3663631928582248,"ponderado_base=0.60, feb=2.5"
21179,202002.0,0.4992100413666404,"ponderado_base=0.60, feb=2.5"
21180,202002.0,0.06450666254087094,"ponderado_base=0.60, feb=2.5"
21182,202002.0,0.07585200938705021,"ponderado_base=0.60, feb=2.5"
21184,202002.0,0.20744094099932534,"ponderado_base=0.60, feb=2.5"
21190,202002.0,0.12484039267673538,"ponderado_base=0.60, feb=2.5"
21191,202002.0,0.15568576584247923,"ponderado_base=0.60, feb=2.5"
21192,202002.0,0.03301196595577645,"ponderado_base=0.60, feb=2.5"
21194,202002.0,0.10843610036742375,"ponderado_base=0.60, feb=2.5"
21196,202002.0,0.3911980135013101,"ponderado_base=0.60, feb=2.5"
21200,202002.0,0.10939738075438162,"ponderado_base=0.60, feb=2.5"
21201,202002.0,0.2650371527287105,"ponderado_base=0.60, feb=2.5"
21202,202002.0,0.05180099234190977,"ponderado_base=0.60, feb=2.5"
21207,202002.0,0.13200894800508403,"ponderado_base=0.60, feb=2.5"
21209,202002.0,0.12327389590189627,"ponderado_base=0.60, feb=2.5"
21212,202002.0,0.1078254161645436,"ponderado_base=0.60, feb=2.5"
21214,202002.0,0.4138685661764706,"ponderado_base=0.60, feb=2.5"
21218,202002.0,0.041044610464671796,"ponderado_base=0.60, feb=2.5"
21222,202002.0,0.03928036088549753,"ponderado_base=0.60, feb=2.5"
21224,202002.0,0.07351020160473666,"ponderado_base=0.60, feb=2.5"
21226,202002.0,0.11780804113276686,"ponderado_base=0.60, feb=2.5"
21227,202002.0,0.3064290663435961,"ponderado_base=0.60, feb=2.5"
21233,202002.0,0.04940224309737474,"ponderado_base=0.60, feb=2.5"
21244,202002.0,0.02485015729490427,"ponderado_base=0.60, feb=2.5"
21245,202002.0,0.0301869473380781,"ponderado_base=0.60, feb=2.5"
21246,202002.0,0.02835621335875852,"ponderado_base=0.60, feb=2.5"
21248,202002.0,0.017994700279969883,"ponderado_base=0.60, feb=2.5"
21252,202002.0,0.10822868853651382,"ponderado_base=0.60, feb=2.5"
21256,202002.0,0.016955616497197637,"ponderado_base=0.60, feb=2.5"
21259,202002.0,0.02069787722657502,"ponderado_base=0.60, feb=2.5"
21262,202002.0,0.021404644235946197,"ponderado_base=0.60, feb=2.5"
21263,202002.0,0.02049956213762155,"ponderado_base=0.60, feb=2.5"
21265,202002.0,0.060622268179840136,"ponderado_base=0.60, feb=2.5"
21266,202002.0,0.064537584357244,"ponderado_base=0.60, feb=2.5"
21267,202002.0,0.041718279090381616,"ponderado_base=0.60, feb=2.5"
21276,202002.0,0.020009109508852554,"ponderado_base=0.60, feb=2.5"
product_id,,,"ponderado_base=0.60, feb=2.5"
